Temp(V),Res in miliohms-cm
8.802891,0.03285504
8.803404,0.03274096
8.804047,0.03171424
8.804432,0.0325128
8.804689,0.03353952
8.805331,0.0330832
8.805974,0.03388176
8.806231,0.03376768
8.806874,0.03319728
8.807646,0.03376768
8.80816,0.03342544
8.808546,0.0325128
8.80919,0.03319728
8.810091,0.03331136
8.810477,0.03296912
8.810992,0.03285504
8.812409,0.03262688
8.813311,0.03319728
8.814213,0.0336536
8.81576,0.03410992
8.817567,0.03376768
8.818987,0.03399584
8.821053,0.03445216
8.824027,0.03342544
8.827003,0.03262688
8.830631,0.03296912
8.835301,0.03319728
8.84128,0.03353952
8.848444,0.03342544
8.857064,0.03388176
8.868335,0.03342544
8.881758,0.03342544
8.898026,0.03285504
8.918521,0.0336536
8.944272,0.03331136
8.975552,0.0336536
9.013772,0.03376768
9.060876,0.03376768
9.117274,0.0336536
9.184058,0.03319728
9.262786,0.03205648
9.352339,0.03331136
9.448508,0.0330832
9.544431,0.0330832
9.631205,0.03274096
9.700909,0.0319424
9.748171,0.02407088
9.776545,0.02954672
9.792239,0.0290904
9.80038,0.02943264
9.807298,0.02920448
9.815477,0.02943264
9.825104,0.02920448
9.836193,0.0296608
9.849837,0.0290904
9.866972,0.02943264
9.887652,0.0290904
9.912862,0.02931856
9.943813,0.0290904
9.981789,0.02920448
10.027789,0.02920448
10.083682,0.02874816
10.151728,0.02874816
10.233253,0.02931856
10.329615,0.02863408
10.442658,0.02852
10.570373,0.02874816
10.706817,0.02840592
10.841722,0.0279496
10.96519,0.02772144
11.066857,0.02749328
11.741051,0.0268088
11.855124,0.01038128
11.973558,0.03604928
12.087958,0.04289408
12.188962,0.05669776
12.267094,0.07506464
12.318851,0.09605536
12.349938,0.1152208
12.364858,0.13050752
12.369843,0.13735232
12.372695,0.12366272
12.384478,0.14111696
12.386982,0.1443112
12.388413,0.14522384
12.390561,0.14533792
12.393427,0.14613648
12.395937,0.14556608
12.397371,0.14796176
12.399883,0.1477336
12.402037,0.148304
12.403833,0.14853216
12.405989,0.1494448
12.408506,0.15024336
12.410664,0.15047152
12.412464,0.15161232
12.414264,0.154008
12.417147,0.15366576
12.41931,0.15332352
12.421474,0.1545784
12.424361,0.15492064
12.426528,0.15492064
12.427973,0.15560512
12.430142,0.15640368
12.432674,0.15708816
12.434845,0.15811488
12.437017,0.15822896
12.439916,0.15925568
12.442091,0.15948384
12.444267,0.1608528
12.44717,0.16153728
12.450075,0.16176544
12.452619,0.16302032
12.455528,0.16393296
12.45844,0.16495968
12.462081,0.16575824
12.464633,0.16564416
12.467915,0.16689904
12.471565,0.16815392
12.475219,0.1694088
12.478144,0.17043552
12.494635,0.17146224
12.497574,0.18731936
12.499779,0.2504056
12.505666,0.46350704
12.506403,0.46464784
12.508981,0.46613088
12.512299,0.467728
12.514143,0.4688688
12.515988,0.47046592
12.52005,0.47194896
12.522267,0.47331792
12.523007,0.47480096
12.525596,0.476284
12.528556,0.4779952
12.530408,0.47902192
12.531889,0.48050496
12.535967,0.48187392
12.539306,0.48335696
12.540791,0.48461184
12.543391,0.48643712
12.546364,0.487692
12.548595,0.4894032
12.550084,0.49065808
12.553806,0.49191296
12.556787,0.49373824
12.558278,0.49499312
12.560143,0.4968184
12.564621,0.49818736
12.567236,0.49989856
12.569105,0.50172384
12.573219,0.50275056
12.576213,0.5042336
12.576962,0.50571664
12.57921,0.50754192
12.582584,0.50891088
12.58521,0.510508
12.586336,0.51210512
12.590091,0.51347408
12.594225,0.51518528
12.595354,0.51689648
12.598364,0.51837952
12.60213,0.52009072
12.604014,0.52157376
12.604768,0.52328496
12.607785,0.52499616
12.61156,0.52659328
12.613448,0.52807632
12.616094,0.52967344
12.619876,0.5316128
12.622146,0.533324
12.623661,0.53469296
12.626692,0.53663232
12.630862,0.53800128
12.63276,0.54039696
12.638836,0.5435912
12.643019,0.54655728
12.649492,0.5498656
12.65216,0.55374432
12.659792,0.55716672
12.665143,0.56081728
12.67165,0.56401152
12.677399,0.56731984
12.681236,0.57142672
12.688922,0.57484912
12.693154,0.578956
12.702404,0.58249248
12.708968,0.58591488
12.716317,0.59013584
12.72174,0.59424272
12.729111,0.59846368
12.73805,0.60314096
12.74428,0.60759008
12.754814,0.6126096
12.762634,0.61797136
12.774391,0.62390352
12.785786,0.63131872
12.799975,0.63850576
12.819364,0.6479744
12.841631,0.6582416
12.872438,0.67204528
12.978948,0.72075744
13.190633,0.81384672
14.227023,1.12471472
14.249846,1.12528512
14.272232,1.12642592
14.293624,1.12790896
14.317322,1.1288216
14.343361,1.13019056
14.369541,1.13121728
14.391936,1.13315664
14.418384,1.13384112
14.444411,1.13498192
14.472862,1.13646496
14.499759,1.13726352
14.527962,1.13840432
14.556329,1.1396592
14.584864,1.14068592
14.616505,1.14216896
14.64717,1.14273936
14.678028,1.14353792
14.706687,1.14513504
14.737322,1.1459336
14.769361,1.14684624
14.805275,1.14775888
14.841452,1.1487856
14.874797,1.15015456
14.910863,1.15083904
14.947193,1.15186576
14.984423,1.15357696
15.02704,1.15437552
15.068735,1.15506
15.113377,1.15631488
15.163667,1.157912
15.222425,1.15825424
15.293305,1.16007952
15.38297,1.16213296
15.505717,1.16749472
15.679848,1.16315968
15.936381,1.17091712
16.324196,1.17627888
16.903085,1.1852912
19.74734,1.22556144
19.780767,1.22601776
19.817294,1.22647408
19.846661,1.22727264
19.882075,1.22738672
19.920655,1.22852752
19.956468,1.22875568
19.995483,1.22932608
20.025652,1.22989648
20.066596,1.23046688
20.107793,1.23103728
20.144626,1.23137952
20.363596,1.23274848
20.400257,1.23252032
20.404094,1.23366112
20.444513,1.23400336
20.48582,1.23480192
20.52689,1.23537232
20.568045,1.23617088
20.610107,1.23685536
20.65276,1.23708352
20.695512,1.237768
20.738866,1.2383384
20.782832,1.23913696
20.826739,1.23959328
20.870754,1.24039184
20.915566,1.24096224
20.960147,1.2417608
21.004841,1.2423312
21.050524,1.2429016
21.096507,1.243472
21.14297,1.24415648
21.189025,1.24472688
21.235742,1.2457536
21.283678,1.24643808
21.331757,1.24666624
21.380163,1.24757888
21.429086,1.2480352
21.478719,1.24883376
21.529826,1.24940416
21.581677,1.25008864
21.634859,1.25077312
21.689395,1.25168576
21.746089,1.2525984
21.805571,1.25305472
21.868299,1.25419552
21.93475,1.25453776
22.004217,1.25579264
22.07921,1.25670528
22.160299,1.25750384
22.249749,1.25853056
22.347432,1.2600136
22.455572,1.26126848
22.575472,1.26275152
22.711413,1.26446272
22.864678,1.266288
23.039023,1.26811328
23.236054,1.27039488
23.461046,1.27324688
23.717278,1.27564256
24.011227,1.27895088
24.344583,1.28305776
24.722885,1.28693648
25.148084,1.29149968
25.623196,1.2965192
26.14478,1.30188096
26.69957,1.30838352
27.98,1.32891792
28.051198,1.32983056
28.12378,1.33040096
28.19735,1.3313136
28.274054,1.331884
28.352673,1.3330248
28.434982,1.33382336
28.518885,1.334736
28.607942,1.33553456
28.699618,1.33633312
28.79263,1.33724576
28.891091,1.3381584
28.995617,1.33907104
29.104069,1.34032592
29.214686,1.34123856
29.332273,1.3427216
29.458027,1.3438624
29.588825,1.34466096
29.72583,1.346144
29.870274,1.3478552
30.021937,1.348996
30.184213,1.35047904
30.35336,1.35207616
30.533955,1.35378736
30.722723,1.35561264
30.921157,1.35732384
31.132002,1.35914912
31.352441,1.36131664
31.58178,1.36314192
31.812589,1.36530944
32.043578,1.3678192
32.253111,1.37226832
32.590567,1.37534848
32.644135,1.37591888
32.697309,1.3763752
32.748099,1.37683152
32.804442,1.37648928
32.861745,1.37797232
32.913978,1.37854272
32.970508,1.37888496
33.028687,1.37945536
33.085811,1.38002576
33.139806,1.38059616
33.196822,1.38116656
33.255517,1.38162288
33.314524,1.38196512
33.373147,1.38253552
33.43208,1.38310592
33.491327,1.38367632
33.553023,1.38413264
33.612916,1.38470304
33.674569,1.38515936
33.73584,1.38584384
33.794539,1.38618608
33.85939,1.38675648
33.923882,1.38744096
33.988743,1.38801136
34.048032,1.38846768
34.116599,1.38915216
34.18483,1.38972256
34.248933,1.39029296
34.313399,1.39086336
34.380525,1.391776
34.449585,1.39189008
34.519063,1.39280272
34.589743,1.39337312
34.658506,1.39371536
34.730836,1.39428576
34.802827,1.3951984
34.876865,1.3957688
34.949769,1.39622512
35.020707,1.39713776
35.096961,1.39736592
35.175354,1.39850672
35.25015,1.39907712
35.326256,1.39964752
35.408706,1.400332
35.485845,1.40113056
35.563491,1.40181504
35.645912,1.40238544
35.729766,1.40329808
35.810757,1.40364032
35.898396,1.40455296
35.982295,1.40523744
36.070319,1.40615008
36.158992,1.40683456
36.247425,1.40763312
36.334705,1.40808944
36.427166,1.40911616
36.525841,1.40968656
36.618849,1.4105992
36.711639,1.41151184
36.813589,1.41219632
36.911658,1.41299488
37.008607,1.41390752
37.113058,1.41447792
37.217427,1.41561872
37.321704,1.41653136
37.43081,1.41767216
37.539883,1.41812848
37.649916,1.41926928
37.76599,1.41995376
37.872914,1.4208664
37.99107,1.4220072
40.69,1.42417472
40.83,1.42531552
40.97,1.426
41.12,1.4271408
41.26,1.4282816
41.41,1.4294224
41.57,1.43022096
41.73,1.43158992
41.88,1.43273072
42.04,1.43375744
42.22,1.43489824
42.4,1.43615312
42.57,1.43729392
42.75,1.43843472
42.91,1.43957552
43.1,1.4408304
43.29,1.44219936
43.5,1.44334016
43.71,1.44470912
43.91,1.445964
44.1,1.44733296
44.32,1.44858784
44.53,1.4499568
44.75,1.4510976
44.97,1.4528088
45.21,1.45417776
45.44,1.45554672
45.69,1.45714384
45.93,1.45862688
46.18,1.45999584
46.43,1.46170704
46.69,1.463076
46.96,1.46455904
47.23,1.4664984
47.51,1.46786736
47.78,1.46980672
48.08,1.47117568
48.37,1.47311504
48.65,1.47459808
48.96,1.47653744
49.27,1.47824864
49.59,1.47984576
49.91,1.48155696
50.24,1.48349632
50.57,1.4853216
50.91,1.4870328
51.24,1.48897216
51.6,1.49079744
51.95,1.49296496
52.31,1.49479024
52.69,1.49684368
53.06,1.4984408
53.43,1.50095056
53.82,1.50277584
54.21,1.50482928
54.61,1.50688272
55.01,1.50893616
55.4,1.5109896
55.82,1.51292896
56.21,1.51521056
56.63,1.51749216
57.02,1.51943152
57.41,1.52171312
57.79,1.52399472
58.14,1.52593408
58.47,1.52832976
58.78,1.53026912
59.02,1.53232256
59.69,1.53642944
59.82,1.53711392
59.94,1.53768432
60.08,1.53848288
60.22,1.53905328
60.38,1.53973776
60.53,1.54053632
60.67,1.5412208
60.8,1.54190528
60.95,1.54247568
61.11,1.54327424
61.26,1.54395872
61.42,1.5446432
61.58,1.54544176
61.74,1.5463544
61.91,1.5469248
62.08,1.54783744
62.24,1.54852192
62.42,1.54943456
62.59,1.5503472
62.76,1.55068944
62.94,1.55125984
63.11,1.55228656
63.3,1.55308512
63.49,1.5537696
63.68,1.5549104
63.86,1.5554808
64.05,1.55639344
64.26,1.55730608
64.46,1.55821872
64.65,1.55913136
64.85,1.560044
65.07,1.56095664
65.27,1.56198336
65.48,1.562896
65.7,1.56358048
65.92,1.5646072
66.13,1.56551984
66.35,1.56654656
66.58,1.5674592
66.78,1.56837184
67.01,1.56951264
67.26,1.57008304
67.48,1.57122384
67.69,1.57236464
67.92,1.57327728
68.15,1.57418992
68.35,1.57510256
68.56,1.5760152
68.77,1.57704192
68.97,1.57784048
69.15,1.57898128
69.32,1.57920944
69.48,1.58046432
69.87,1.580008
69.95,1.58206144
70.03,1.5834304
70.11,1.58388672
70.19,1.58422896
70.26,1.58468528
70.34,1.58479936
70.42,1.58525568
70.49,1.58548384
70.57,1.58594016
70.66,1.58639648
70.74,1.58651056
70.83,1.58696688
70.93,1.58708096
71.02,1.58765136
71.1,1.5879936
71.19,1.58822176
71.26,1.58879216
71.36,1.58902032
71.44,1.58936256
71.53,1.58981888
71.63,1.59004704
71.73,1.59038928
71.83,1.59095968
71.93,1.59130192
72.02,1.59175824
72.11,1.5919864
72.21,1.5925568
72.31,1.59289904
72.41,1.59346944
72.51,1.59358352
72.61,1.59403984
72.72,1.59438208
72.82,1.5948384
72.93,1.5954088
73.04,1.59586512
73.14,1.59632144
73.26,1.59632144
73.37,1.59723408
73.48,1.59780448
73.59,1.5982608
73.71,1.59860304
73.83,1.59905936
73.94,1.59928752
74.06,1.59974384
74.18,1.59985792
74.29,1.60042832
74.41,1.60122688
74.55,1.60145504
74.68,1.60213952
74.81,1.60213952
74.93,1.60270992
75.05,1.6033944
75.19,1.60385072
75.33,1.60430704
75.47,1.60499152
75.6,1.605676
75.74,1.60590416
75.87,1.60670272
76.02,1.60727312
76.16,1.60772944
76.3,1.60841392
76.45,1.60875616
76.6,1.6090984
76.75,1.6096688
76.91,1.61035328
77.06,1.61092368
77.22,1.61160816
77.37,1.6119504
77.54,1.61286304
77.7,1.61331936
77.86,1.61400384
78.01,1.61457424
78.18,1.61525872
78.36,1.61582912
78.54,1.61639952
78.71,1.617084
78.88,1.61776848
79.06,1.61845296
79.25,1.6187952
79.43,1.61959376
79.61,1.62016416
79.8,1.62119088
79.95,1.65952176
79.96,1.6581528
79.97,1.65803872
79.98,1.6581528
79.98,1.6216472
80,1.6581528
80.02,1.65826688
80.03,1.6581528
80.03,1.65826688
80.05,1.6581528
80.07,1.6581528
80.08,1.6581528
80.09,1.6581528
80.11,1.6581528
80.13,1.6581528
80.14,1.6581528
80.15,1.6581528
80.17,1.6581528
80.18,1.62255984
80.19,1.6581528
80.2,1.6581528
80.22,1.65803872
80.23,1.65803872
80.24,1.6581528
80.26,1.6581528
80.28,1.6581528
80.3,1.6581528
80.31,1.65826688
80.33,1.6581528
80.34,1.6581528
80.36,1.6581528
80.37,1.62301616
80.38,1.65803872
80.41,1.6581528
80.42,1.65838096
80.44,1.6581528
80.46,1.6581528
80.48,1.6581528
80.5,1.65803872
80.52,1.65803872
80.54,1.65803872
80.56,1.6581528
80.56,1.62370064
80.58,1.6581528
80.6,1.65826688
80.62,1.65826688
80.64,1.6581528
80.67,1.6581528
80.69,1.6581528
80.71,1.6581528
80.74,1.65803872
80.76,1.65803872
80.76,1.62461328
80.78,1.6581528
80.81,1.65803872
80.83,1.65826688
80.86,1.65826688
80.89,1.6581528
80.91,1.6581528
80.94,1.65803872
80.97,1.6581528
80.97,1.62529776
81,1.6581528
81.02,1.65803872
81.05,1.65792464
81.08,1.6581528
81.11,1.65803872
81.14,1.6581528
81.17,1.6581528
81.17,1.62598224
81.2,1.65803872
81.24,1.65803872
81.27,1.6581528
81.31,1.6581528
81.33,1.6581528
81.37,1.6581528
81.37,1.62666672
81.41,1.6581528
81.45,1.6581528
81.49,1.6581528
81.52,1.65792464
81.56,1.6581528
81.58,1.62723712
81.6,1.6581528
81.64,1.65826688
81.68,1.65826688
81.72,1.65849504
81.76,1.65849504
81.77,1.62803568
81.79,1.65849504
81.84,1.65838096
81.89,1.65849504
81.93,1.65849504
81.98,1.65860912
81.98,1.62860608
82.03,1.65849504
82.08,1.6587232
82.13,1.6587232
82.2,1.65883728
82.2,1.62929056
82.25,1.65849504
82.31,1.65849504
82.36,1.65849504
82.42,1.65849504
82.43,1.6302032
82.48,1.65838096
82.54,1.65838096
82.59,1.65849504
82.63,1.63088768
82.65,1.65838096
82.71,1.65849504
82.78,1.6587232
82.85,1.6587232
82.85,1.63157216
82.92,1.6587232
83,1.6587232
83.07,1.65883728
83.08,1.63225664
83.14,1.65895136
83.22,1.65895136
83.29,1.65895136
83.29,1.63316928
83.36,1.65906544
83.45,1.65906544
83.52,1.63408192
83.53,1.65895136
83.61,1.65917952
83.7,1.6592936
83.74,1.63465232
83.79,1.65917952
83.88,1.65940768
83.96,1.63510864
83.98,1.65940768
84.07,1.65940768
84.17,1.65952176
84.19,1.63624944
84.28,1.65952176
84.38,1.65963584
84.42,1.63681984
84.48,1.65997808
84.59,1.65997808
84.65,1.63773248
84.7,1.65997808
84.82,1.65997808
84.87,1.63830288
84.94,1.65974992
85.06,1.66009216
85.1,1.63921552
85.18,1.66009216
85.31,1.66032032
85.33,1.64001408
85.44,1.6604344
85.56,1.6604344
85.56,1.64069856
85.69,1.66054848
85.76,1.64126896
85.83,1.66054848
85.97,1.6421816
85.98,1.66054848
86.13,1.66054848
86.2,1.64309424
86.28,1.66077664
86.39,1.64366464
86.42,1.66077664
86.57,1.66111888
86.58,1.64434912
86.74,1.66111888
86.76,1.64491952
86.92,1.66123296
86.94,1.64548992
87.08,1.66134704
87.09,1.64799968
87.21,1.64491952
87.24,1.66146112
87.34,1.64537584
87.42,1.66146112
87.46,1.64526176
87.58,1.64571808
87.6,1.66168928
87.7,1.63693392
87.79,1.66180336
87.82,1.64925456
87.95,1.6495968
87.98,1.66191744
88.08,1.65005312
88.18,1.66191744
88.21,1.65005312
88.34,1.6507376
88.38,1.6621456
88.47,1.651308
88.58,1.66237376
88.61,1.65176432
88.75,1.65199248
88.79,1.66237376
88.89,1.6524488
89.01,1.66260192
89.03,1.65290512
89.16,1.65324736
89.22,1.66260192
89.31,1.6535896
89.44,1.662716
89.45,1.65416
89.59,1.65461632
89.67,1.66283008
89.74,1.65484448
89.9,1.65518672
89.92,1.66294416
90.06,1.65575712
90.16,1.66317232
90.2,1.65609936
90.35,1.65666976
90.39,1.66340048
90.51,1.65712608
90.66,1.66374272
90.68,1.65769648
90.84,1.65803872
90.92,1.66374272
91,1.65860912
91.15,1.65895136
91.18,1.66374272
91.32,1.65940768
91.46,1.66397088
91.49,1.65997808
91.66,1.66032032
91.74,1.6638568
91.83,1.66089072
92.01,1.6615752
92.03,1.66397088
92.18,1.66203152
92.32,1.66419904
92.35,1.66248784
92.53,1.66294416
92.62,1.66431312
92.71,1.66362864
92.89,1.66431312
92.93,1.6644272
93.07,1.66465536
93.25,1.66454128
93.25,1.66522576
93.42,1.66579616
93.56,1.66454128
93.6,1.66625248
93.79,1.6667088
93.91,1.66488352
93.97,1.6672792
94.13,1.66773552
94.24,1.66511168
94.31,1.66830592
94.49,1.66887632
94.6,1.66533984
94.66,1.6695608
94.8,1.67024528
94.94,1.665568
94.97,1.67047344
95.12,1.67081568
95.26,1.67195648
95.3,1.66591024
95.41,1.66978896
95.53,1.67024528
95.66,1.67058752
95.67,1.66625248
95.79,1.67092976
95.92,1.67343952
96.05,1.66659472
96.05,1.6735536
96.19,1.674124
96.32,1.67446624
96.44,1.66705104
96.46,1.67503664
96.6,1.67549296
96.74,1.67606336
96.84,1.6672792
96.88,1.67606336
97.02,1.67606336
97.15,1.67674784
97.23,1.66762144
97.3,1.67720416
97.46,1.67766048
97.61,1.67788864
97.65,1.66807776
97.76,1.67823088
97.9,1.67880128
97.93,1.68268
98.04,1.69146416
98.06,1.66864816
98.06,1.67914352
98.11,1.68336448
98.21,1.67161424
98.22,1.67948576
98.28,1.68370672
98.38,1.679828
98.46,1.68416304
98.48,1.66933264
98.53,1.68051248
98.64,1.68461936
98.66,1.67252688
98.69,1.68074064
98.72,1.68918256
98.82,1.68473344
98.85,1.6809688
98.91,1.66990304
98.95,1.69431616
99.01,1.68518976
99.02,1.68131104
99.12,1.67343952
99.18,1.68541792
99.18,1.68188144
99.35,1.67104384
99.35,1.68222368
99.36,1.66967488
99.56,1.65849504
99.6,1.67446624
99.76,1.65655568
99.9,1.69785264
99.94,1.65552896
100.06,1.67537888
100.15,1.65222064
100.36,1.64891232
100.55,1.67663376
100.55,1.64936864
100.75,1.64857008
100.85,1.70184544
100.95,1.64765744
101.04,1.67777456
101.17,1.64708704
101.38,1.64651664
101.54,1.67880128
101.59,1.64583216
101.81,1.70618048
101.81,1.64491952
102.03,1.64606032
102.05,1.67994208
102.25,1.64594624
102.47,1.64583216
102.56,1.6809688
102.69,1.645604
102.77,1.7100592
102.9,1.64583216
103.07,1.68222368
103.13,1.64571808
103.37,1.64583216
103.59,1.68336448
103.59,1.64583216
103.72,1.71393792
103.82,1.64628848
104.06,1.64628848
104.13,1.68473344
104.28,1.64663072
104.51,1.64685888
104.65,1.68598832
104.66,1.65199248
104.75,1.64697296
104.98,1.6473152
105.19,1.68712912
105.2,1.64765744
105.43,1.64811376
105.6,1.6558712
105.65,1.648456
105.74,1.68826992
105.87,1.6490264
106.08,1.64925456
106.29,1.64948272
106.3,1.68941072
106.48,1.6501672
106.52,1.65621344
106.67,1.65028128
106.86,1.69055152
106.86,1.65119392
107.03,1.65279104
107.18,1.65279104
107.31,1.65222064
107.42,1.69157824
107.42,1.6575824
107.44,1.65233472
107.55,1.65256288
107.79,1.64799968
107.84,1.65370368
107.89,1.65370368
107.94,1.65381776
107.99,1.69317536
108,1.65381776
108.07,1.65404592
108.12,1.65416
108.18,1.65427408
108.24,1.65427408
108.3,1.65438816
108.31,1.6592936
108.36,1.65461632
108.42,1.6547304
108.48,1.6547304
108.55,1.65495856
108.58,1.69431616
108.61,1.65507264
108.68,1.65518672
108.74,1.65518672
108.81,1.65552896
108.87,1.65552896
108.94,1.65564304
109.01,1.65575712
109.08,1.6558712
109.14,1.65609936
109.16,1.6952288
109.18,1.6610048
109.21,1.65598528
109.28,1.65632752
109.35,1.65655568
109.42,1.65666976
109.5,1.65678384
109.57,1.657012
109.64,1.65712608
109.72,1.65724016
109.76,1.69625552
109.79,1.6575824
109.87,1.65769648
109.94,1.65781056
110.02,1.65838096
110.03,1.66397088
110.1,1.6592936
110.18,1.65838096
110.25,1.65860912
110.32,1.65849504
110.35,1.69785264
110.4,1.65883728
110.48,1.65895136
110.56,1.65895136
110.65,1.6592936
110.73,1.65952176
110.81,1.65963584
110.88,1.66397088
110.88,1.65974992
110.95,1.65997808
110.96,1.69933568
111.02,1.66020624
111.1,1.6604344
111.17,1.66054848
111.25,1.66054848
111.32,1.66066256
111.38,1.66077664
111.43,1.6610048
111.48,1.66123296
111.52,1.66123296
111.55,1.66123296
111.58,1.70070464
111.62,1.67400992
111.63,1.6615752
111.64,1.6615752
111.66,1.66134704
111.67,1.6615752
111.69,1.66168928
111.7,1.68085472
111.7,1.66168928
111.72,1.6615752
111.73,1.66168928
111.74,1.66180336
111.76,1.66180336
111.78,1.66168928
111.8,1.66180336
111.81,1.66180336
111.83,1.66191744
111.84,1.66203152
111.87,1.66203152
111.88,1.66191744
111.9,1.66191744
111.91,1.66191744
111.94,1.66203152
111.95,1.66203152
111.97,1.66203152
111.99,1.66191744
112.01,1.66191744
112.03,1.6621456
112.05,1.6621456
112.08,1.6621456
112.1,1.66203152
112.12,1.6621456
112.14,1.6621456
112.16,1.6621456
112.18,1.6621456
112.19,1.70184544
112.21,1.6621456
112.23,1.66225968
112.25,1.66191744
112.28,1.66191744
112.31,1.66191744
112.33,1.66180336
112.36,1.65917952
112.38,1.65895136
112.41,1.65895136
112.44,1.65883728
112.46,1.65883728
112.49,1.6587232
112.5,1.68233776
112.52,1.65895136
112.55,1.65883728
112.57,1.65883728
112.61,1.65883728
112.64,1.65860912
112.67,1.65849504
112.69,1.65895136
112.73,1.65895136
112.76,1.65883728
112.79,1.65860912
112.82,1.70344256
112.83,1.65883728
112.86,1.65838096
112.89,1.65849504
112.93,1.6581528
112.96,1.65849504
113,1.65838096
113.03,1.6575824
113.07,1.65724016
113.11,1.65724016
113.15,1.65689792
113.19,1.657012
113.22,1.65689792
113.26,1.657012
113.29,1.68313632
113.3,1.65666976
113.35,1.65678384
113.38,1.657012
113.43,1.65689792
113.45,1.70458336
113.47,1.65689792
113.51,1.65689792
113.55,1.65689792
113.6,1.657012
113.65,1.65712608
113.69,1.657012
113.74,1.65689792
113.78,1.65689792
113.83,1.657012
113.88,1.65735424
113.92,1.65712608
113.97,1.65724016
114.02,1.657012
114.05,1.67823088
114.06,1.657012
114.12,1.65712608
114.17,1.65712608
114.23,1.65724016
114.3,1.65724016
114.35,1.65712608
114.4,1.657012
114.46,1.65712608
114.52,1.657012
114.57,1.657012
114.63,1.65712608
114.68,1.657012
114.75,1.65518672
114.79,1.67606336
114.81,1.65484448
114.88,1.65279104
114.95,1.65233472
115.01,1.65233472
115.08,1.64971088
115.15,1.64948272
115.21,1.64936864
115.27,1.64925456
115.34,1.64925456
115.41,1.64925456
115.48,1.65085168
115.51,1.66602432
115.55,1.65085168
115.63,1.65050944
115.7,1.65062352
115.78,1.65028128
115.86,1.6501672
115.94,1.64993904
116.02,1.65005312
116.09,1.64982496
116.17,1.64971088
116.21,1.66488352
116.26,1.64982496
116.34,1.64971088
116.43,1.64982496
116.51,1.64982496
116.6,1.64982496
116.68,1.70869024
116.69,1.64993904
116.78,1.64993904
116.87,1.65005312
116.89,1.66465536
116.96,1.65005312
117.05,1.6501672
117.15,1.6501672
117.25,1.65028128
117.34,1.65039536
117.35,1.7123408
117.44,1.65050944
117.54,1.65062352
117.55,1.66511168
117.63,1.6507376
117.73,1.65085168
117.84,1.65096576
117.96,1.65107984
118.03,1.71154224
118.06,1.65119392
118.17,1.651308
118.2,1.66579616
118.27,1.65142208
118.38,1.65165024
118.5,1.65176432
118.62,1.65176432
118.71,1.7129112
118.74,1.65393184
118.83,1.66693696
118.85,1.65210656
118.97,1.65233472
119.08,1.65222064
119.21,1.65267696
119.33,1.65290512
119.41,1.71428016
119.44,1.66750736
119.46,1.65290512
119.59,1.65313328
119.72,1.65324736
119.84,1.65336144
119.98,1.65347552
120.04,1.66842
120.11,1.68370672
120.11,1.6535896
120.25,1.65370368
120.39,1.65381776
120.53,1.65404592
120.62,1.66876224
120.67,1.65416
120.81,1.65427408
120.83,1.67218464
120.96,1.65450224
121.1,1.65461632
121.2,1.66933264
121.25,1.6547304
121.39,1.65484448
121.54,1.66773552
121.55,1.65495856
121.71,1.65495856
121.75,1.6695608
121.86,1.65518672
122.01,1.6553008
122.17,1.65518672
122.26,1.66705104
122.3,1.66978896
122.34,1.65552896
122.5,1.65575712
122.66,1.65564304
122.82,1.67001712
122.82,1.65598528
122.99,1.66625248
122.99,1.65609936
123.16,1.65609936
123.33,1.65655568
123.35,1.67047344
123.5,1.65666976
123.67,1.65678384
123.74,1.66659472
123.85,1.65678384
123.86,1.67104384
124.03,1.65712608
124.21,1.65735424
124.36,1.671272
124.39,1.65746832
124.49,1.66659472
124.56,1.65769648
124.74,1.65689792
124.84,1.6718424
124.92,1.65792464
125.08,1.65712608
125.24,1.66750736
125.27,1.65838096
125.31,1.67229872
125.46,1.65860912
125.63,1.65895136
125.78,1.67264096
125.8,1.65895136
125.98,1.65940768
126.01,1.66842
126.16,1.65963584
126.24,1.67309728
126.32,1.65997808
126.48,1.66009216
126.65,1.66020624
126.77,1.66921856
126.81,1.6604344
126.96,1.66077664
127.1,1.66111888
127.23,1.66123296
127.36,1.6615752
127.47,1.66180336
127.56,1.67081568
127.56,1.66397088
127.58,1.66294416
127.66,1.66191744
127.73,1.66203152
127.92,1.66248784
127.94,1.66248784
127.95,1.66248784
127.97,1.66248784
127.98,1.66305824
127.99,1.66248784
128.01,1.66248784
128.03,1.66248784
128.05,1.66248784
128.07,1.66260192
128.09,1.66260192
128.11,1.66283008
128.13,1.662716
128.15,1.66260192
128.17,1.66260192
128.2,1.66260192
128.22,1.66260192
128.25,1.662716
128.27,1.662716
128.29,1.66283008
128.31,1.66283008
128.34,1.67218464
128.34,1.66283008
128.37,1.66294416
128.39,1.66362864
128.39,1.66294416
128.41,1.66305824
128.44,1.66317232
128.47,1.66305824
128.5,1.6632864
128.52,1.66340048
128.55,1.66340048
128.58,1.6632864
128.61,1.66340048
128.64,1.66340048
128.67,1.66340048
128.7,1.66340048
128.73,1.66317232
128.76,1.66351456
128.78,1.66408496
128.79,1.6632864
128.81,1.6632864
128.85,1.6632864
128.88,1.6632864
128.92,1.66351456
128.95,1.66362864
128.99,1.66362864
129.03,1.66362864
129.08,1.66397088
129.11,1.66408496
129.12,1.67366768
129.15,1.66408496
129.17,1.662716
129.19,1.66419904
129.23,1.66408496
129.27,1.66431312
129.31,1.66431312
129.34,1.66454128
129.38,1.6644272
129.42,1.6644272
129.46,1.6644272
129.51,1.66465536
129.53,1.66579616
129.55,1.66454128
129.6,1.66488352
129.64,1.66488352
129.7,1.6649976
129.75,1.6649976
129.8,1.6649976
129.85,1.6649976
129.89,1.66522576
129.9,1.66636656
129.93,1.6752648
129.94,1.66522576
129.98,1.66533984
130.03,1.66545392
130.08,1.66545392
130.13,1.665568
130.18,1.66568208
130.23,1.66659472
130.24,1.66579616
130.29,1.66579616
130.35,1.66579616
130.4,1.66591024
130.46,1.66602432
130.51,1.66602432
130.54,1.66716512
130.58,1.66602432
130.63,1.66591024
130.69,1.6661384
130.74,1.67674784
130.75,1.66625248
130.81,1.66636656
130.84,1.66739328
130.88,1.66648064
130.94,1.66659472
131,1.66625248
131.06,1.66636656
131.12,1.66705104
131.13,1.66762144
131.19,1.66716512
131.26,1.66739328
131.33,1.66750736
131.39,1.66739328
131.4,1.66796368
131.45,1.66716512
131.53,1.66750736
131.56,1.67845904
131.6,1.66739328
131.66,1.66830592
131.67,1.66762144
131.74,1.66773552
131.81,1.66796368
131.88,1.66796368
131.91,1.66842
131.96,1.66796368
132.03,1.66819184
132.1,1.66819184
132.15,1.66864816
132.18,1.66819184
132.26,1.66830592
132.34,1.66842
132.37,1.6689904
132.38,1.68062656
132.41,1.66842
132.48,1.66853408
132.56,1.66842
132.58,1.66921856
132.64,1.66864816
132.73,1.66876224
132.79,1.6695608
132.82,1.66887632
132.9,1.6689904
132.98,1.66910448
132.99,1.66944672
133.07,1.66921856
133.14,1.66921856
133.16,1.66967488
133.22,1.68233776
133.23,1.66933264
133.31,1.66944672
133.35,1.66978896
133.4,1.66933264
133.49,1.66967488
133.53,1.6701312
133.59,1.66978896
133.67,1.66978896
133.69,1.67024528
133.75,1.66990304
133.83,1.67001712
133.85,1.67047344
133.92,1.6701312
134,1.67047344
134.01,1.67024528
134.05,1.68450528
134.09,1.6701312
134.15,1.66944672
134.17,1.67035936
134.25,1.67035936
134.3,1.66990304
134.33,1.67058752
134.42,1.67058752
134.43,1.6718424
134.49,1.6707016
134.56,1.67104384
134.57,1.6707016
134.64,1.67081568
134.67,1.67115792
134.7,1.67081568
134.77,1.6701312
134.77,1.67104384
134.82,1.67115792
134.84,1.671272
134.88,1.67104384
134.9,1.68598832
134.9,1.671272
134.92,1.67115792
134.95,1.67115792
134.96,1.67115792
134.99,1.671272
134.99,1.671272
135.01,1.6649976
135.02,1.67115792
135.03,1.67115792
135.03,1.6649976
135.04,1.66511168
135.05,1.67115792
135.05,1.67115792
135.05,1.6649976
135.75,1.6832504
136.6,1.68051248
137.47,1.6729832
138.33,1.67207056
139.2,1.6729832
140.07,1.674124
140.93,1.6752648
141.78,1.67594928
142.64,1.67663376
143.48,1.6530192
144.32,1.66819184
145.13,1.66796368
145.92,1.67207056
146.68,1.67332544
147.38,1.67549296
148.04,1.6775464
148.63,1.6792576
149.12,1.6803984
149.54,1.68108288
149.87,1.68165328
150.15,1.63841696
150.37,1.6393296
150.47,1.63465232
150.53,1.64172528
150.6,1.6410408
150.66,1.6410408
150.71,1.64126896
150.76,1.64126896
150.82,1.64138304
150.88,1.64138304
150.94,1.64126896
150.99,1.64138304
151.05,1.64138304
151.09,1.63796064
151.14,1.6416112
151.18,1.6416112
151.23,1.63910144
151.26,1.62575408
151.32,1.64206752
151.37,1.64206752
151.42,1.64229568
151.48,1.64195344
151.52,1.6421816
151.57,1.64183936
151.62,1.64206752
151.67,1.64206752
151.72,1.64206752
151.76,1.64195344
151.81,1.64206752
151.85,1.64195344
151.9,1.6421816
151.95,1.6421816
152,1.64195344
152.05,1.64229568
152.11,1.6421816
152.16,1.64206752
152.22,1.64206752
152.26,1.64229568
152.31,1.64229568
152.35,1.6421816
152.4,1.64240976
152.45,1.64240976
152.5,1.6421816
152.55,1.64240976
152.6,1.64240976
152.65,1.64240976
152.7,1.64240976
152.75,1.64252384
152.8,1.64252384
152.85,1.6421816
152.9,1.64240976
152.95,1.64240976
153,1.64286608
153.04,1.64298016
153.09,1.64320832
153.15,1.64298016
153.2,1.64263792
153.25,1.642752
153.29,1.64298016
153.34,1.64286608
153.4,1.64172528
153.44,1.64320832
153.49,1.64286608
153.53,1.64286608
154.11,1.62096272
154.15,1.62096272
154.2,1.62096272
154.25,1.62096272
154.3,1.62096272
154.35,1.62084864
154.39,1.62084864
154.45,1.62073456
154.49,1.62073456
154.53,1.62084864
154.58,1.62073456
154.63,1.62073456
154.68,1.62073456
154.74,1.62073456
154.8,1.62073456
154.85,1.62062048
154.9,1.62062048
154.95,1.62062048
155,1.62062048
155.04,1.6205064
155.09,1.62062048
155.14,1.62062048
155.19,1.6205064
155.25,1.6205064
155.31,1.6205064
155.37,1.62039232
155.42,1.62039232
155.47,1.62039232
155.52,1.62039232
155.57,1.62039232
155.62,1.62039232
155.67,1.62027824
155.73,1.62027824
155.79,1.62027824
155.85,1.62027824
155.91,1.62027824
155.96,1.62027824
156.02,1.62016416
156.07,1.62016416
156.12,1.62016416
156.17,1.62016416
156.23,1.62016416
156.28,1.62016416
156.34,1.62016416
156.4,1.62016416
156.46,1.62005008
156.51,1.62005008
156.57,1.62005008
156.63,1.62005008
156.69,1.62005008
156.74,1.619936
156.8,1.619936
156.86,1.619936
156.92,1.619936
156.98,1.619936
157.04,1.61982192
157.1,1.61982192
157.16,1.61982192
157.22,1.61970784
157.28,1.61970784
157.34,1.61970784
157.39,1.61970784
157.46,1.61970784
157.52,1.61970784
157.58,1.61970784
157.64,1.61970784
157.7,1.61970784
157.76,1.61947968
157.83,1.61947968
157.89,1.61947968
157.95,1.61947968
158.01,1.61947968
158.08,1.61947968
158.14,1.61947968
158.2,1.61947968
158.26,1.6193656
158.32,1.6193656
158.38,1.6193656
158.45,1.61925152
158.52,1.61925152
158.58,1.61925152
158.65,1.61925152
158.7,1.61913744
158.76,1.61913744
158.83,1.61913744
158.89,1.61902336
158.96,1.61913744
159.03,1.62404288
159.1,1.60670272
159.16,1.60670272
159.23,1.6068168
159.29,1.60693088
159.35,1.60670272
159.41,1.60670272
159.48,1.60670272
159.56,1.60670272
159.63,1.60658864
159.7,1.60658864
159.76,1.60658864
159.81,1.60658864
159.88,1.60658864
159.95,1.60658864
160.01,1.60658864
160.07,1.60670272
160.14,1.60647456
160.21,1.60647456
160.28,1.60647456
160.34,1.60647456
160.41,1.60636048
160.47,1.60647456
160.54,1.60636048
160.61,1.60636048
160.67,1.6062464
160.73,1.60636048
160.8,1.60636048
160.87,1.6062464
160.93,1.6062464
161,1.6062464
161.06,1.6062464
161.12,1.6062464
161.19,1.60613232
161.25,1.60613232
161.32,1.60579008
161.38,1.60636048
161.45,1.60613232
161.51,1.60590416
161.57,1.60601824
161.63,1.60601824
161.69,1.60590416
162.26,1.60647456
162.33,1.60579008
162.39,1.60556192
162.44,1.60579008
162.5,1.605676
162.55,1.605676
162.61,1.605676
162.66,1.60556192
162.72,1.60556192
162.79,1.60556192
162.86,1.60556192
162.92,1.60556192
162.98,1.60544784
163.04,1.60544784
163.09,1.605676
163.15,1.60533376
163.21,1.60533376
163.27,1.60533376
163.34,1.60533376
163.41,1.60521968
163.46,1.60533376
163.52,1.60533376
163.58,1.60533376
163.64,1.60521968
163.7,1.60521968
163.76,1.6051056
163.82,1.60521968
163.88,1.60521968
163.94,1.6051056
164,1.6051056
164.06,1.6051056
164.12,1.60499152
164.18,1.60499152
164.24,1.60499152
164.3,1.60487744
164.37,1.60487744
164.43,1.60487744
164.49,1.60476336
164.55,1.60464928
164.61,1.60442112
164.67,1.60476336
164.73,1.60476336
164.79,1.60476336
164.85,1.60476336
164.91,1.60487744
164.97,1.60464928
165.03,1.6045352
165.09,1.6045352
165.15,1.6045352
165.21,1.6045352
165.27,1.60442112
165.33,1.60442112
165.39,1.60442112
165.45,1.60442112
165.51,1.60442112
165.56,1.60430704
165.62,1.605676
165.67,1.60442112
165.72,1.60442112
165.77,1.60419296
165.83,1.6045352
165.88,1.60373664
165.93,1.60407888
165.99,1.60316624
166.05,1.60328032
166.1,1.6039648
166.15,1.60407888
166.2,1.6039648
166.25,1.6039648
166.29,1.60385072
166.53,1.60373664
166.59,1.60373664
166.63,1.60373664
166.68,1.60373664
166.74,1.60316624
166.78,1.60362256
166.82,1.6039648
166.87,1.60350848
166.92,1.60350848
166.98,1.60362256
167.03,1.6033944
167.08,1.60350848
167.14,1.6033944
167.2,1.6033944
167.25,1.60328032
167.3,1.60350848
167.35,1.60328032
167.39,1.6033944
167.45,1.60328032
167.5,1.60328032
167.55,1.60316624
167.6,1.60316624
167.66,1.60316624
167.72,1.60316624
167.76,1.60316624
167.82,1.60305216
167.87,1.60316624
167.93,1.60293808
167.98,1.60293808
168.04,1.60293808
168.09,1.60293808
168.15,1.602824
168.2,1.602824
168.26,1.602824
168.31,1.602824
168.37,1.60270992
168.43,1.60270992
168.48,1.60270992
168.54,1.60270992
168.59,1.60293808
168.66,1.60270992
168.71,1.60270992
168.77,1.60270992
168.82,1.60248176
168.88,1.60248176
168.94,1.60259584
169,1.60236768
169.06,1.60236768
169.12,1.60248176
169.17,1.60248176
169.23,1.60236768
169.29,1.6022536
169.35,1.6022536
169.41,1.60248176
169.46,1.60213952
169.52,1.60213952
169.57,1.60213952
169.63,1.60213952
169.69,1.60202544
169.76,1.60202544
169.83,1.6022536
169.89,1.60179728
169.94,1.60213952
170,1.60191136
170.06,1.60191136
170.11,1.60179728
170.18,1.60191136
170.23,1.60191136
170.29,1.60191136
170.36,1.6016832
170.43,1.60179728
170.5,1.60156912
170.55,1.60179728
170.6,1.60156912
170.66,1.60156912
170.72,1.60156912
170.79,1.60156912
170.86,1.60134096
170.92,1.60134096
170.98,1.60122688
171.04,1.6011128
171.1,1.6011128
171.15,1.60122688
171.21,1.60122688
171.27,1.6011128
171.34,1.60122688
171.4,1.6011128
171.46,1.60099872
171.52,1.60099872
171.58,1.60099872
171.64,1.60099872
171.7,1.60088464
171.76,1.60077056
171.82,1.60077056
171.88,1.60065648
171.95,1.6005424
172.01,1.6005424
172.06,1.60042832
172.12,1.6005424
172.18,1.6005424
172.24,1.60042832
172.3,1.60031424
172.35,1.60065648
172.41,1.60020016
172.47,1.6005424
172.53,1.60031424
172.59,1.60020016
172.64,1.60020016
172.7,1.60008608
172.75,1.60008608
172.81,1.60008608
172.86,1.599972
172.92,1.599972
172.97,1.59985792
173.02,1.599972
173.08,1.59985792
173.13,1.59985792
173.18,1.59985792
173.23,1.59974384
173.28,1.59962976
173.32,1.59974384
173.37,1.59962976
173.41,1.59962976
173.45,1.59951568
173.5,1.59951568
173.55,1.5994016
173.59,1.5994016
173.65,1.59962976
173.81,1.59848896
173.85,1.59905936
173.88,1.5994016
173.92,1.5994016
173.97,1.59951568
174.01,1.5994016
174.05,1.5994016
174.1,1.5994016
174.15,1.59928752
174.19,1.59928752
174.23,1.59928752
174.28,1.59928752
174.32,1.5994016
174.36,1.59905936
174.4,1.59894528
174.44,1.5988312
174.48,1.5988312
174.52,1.5988312
174.56,1.5988312
174.61,1.5988312
174.66,1.59871712
174.7,1.5988312
174.74,1.59860304
174.79,1.59860304
174.83,1.59871712
174.87,1.59860304
174.9,1.59860304
174.95,1.59860304
174.99,1.59848896
175.04,1.59837488
175.07,1.59837488
175.11,1.59837488
175.15,1.5982608
175.19,1.59837488
175.23,1.5982608
175.28,1.5982608
175.32,1.59814672
175.36,1.59803264
175.4,1.59803264
175.44,1.59814672
175.49,1.59814672
175.52,1.59803264
175.57,1.59814672
175.6,1.59803264
175.65,1.59803264
175.68,1.59803264
176.02,1.59575104
176.06,1.59814672
176.1,1.5982608
176.14,1.59803264
176.18,1.59803264
176.22,1.59803264
176.26,1.59791856
176.3,1.59791856
176.35,1.59803264
176.39,1.59791856
176.43,1.59780448
176.47,1.59791856
176.51,1.59780448
176.55,1.59780448
176.59,1.5976904
176.64,1.59780448
176.68,1.59757632
176.72,1.59757632
176.76,1.5976904
176.81,1.59757632
176.85,1.59734816
176.89,1.59757632
176.93,1.59746224
176.97,1.59746224
177.02,1.59734816
177.06,1.59734816
177.1,1.59734816
177.14,1.59746224
177.18,1.59734816
177.22,1.59723408
177.27,1.59723408
177.33,1.59734816
177.37,1.59723408
177.42,1.59734816
177.47,1.59712
177.51,1.59712
177.56,1.59700592
177.6,1.59700592
177.63,1.59700592
177.67,1.59700592
177.72,1.59700592
177.77,1.59689184
177.82,1.59700592
177.87,1.59689184
177.92,1.59677776
177.97,1.59689184
178.02,1.59700592
178.07,1.59666368
178.11,1.59677776
178.15,1.59677776
178.2,1.59666368
178.25,1.59677776
178.29,1.59666368
178.34,1.5965496
178.4,1.5965496
178.45,1.59632144
178.5,1.5965496
178.55,1.5965496
178.6,1.59609328
178.64,1.58844992
178.69,1.58890624
178.74,1.58936256
178.79,1.58867808
178.84,1.58867808
178.89,1.58867808
178.95,1.588564
179,1.58879216
179.05,1.58890624
179.1,1.58833584
179.14,1.58833584
179.2,1.58787952
179.25,1.58844992
179.31,1.58867808
179.36,1.588564
179.41,1.58833584
179.47,1.58822176
179.53,1.58822176
179.57,1.58844992
179.63,1.58822176
179.68,1.58833584
179.73,1.58833584
179.79,1.58810768
179.85,1.58822176
179.89,1.58810768
179.95,1.58844992
180.01,1.58833584
180.07,1.58844992
180.13,1.58810768
180.18,1.58810768
180.23,1.5879936
180.29,1.58879216
180.35,1.58833584
180.41,1.58776544
180.46,1.58822176
180.51,1.58787952
180.57,1.58708096
180.63,1.58776544
180.69,1.58822176
180.75,1.58765136
180.81,1.58810768
180.87,1.5879936
180.92,1.58902032
180.98,1.58708096
181.03,1.5874232
181.1,1.58708096
181.17,1.58787952
181.23,1.58753728
181.29,1.58753728
181.35,1.58730912
181.41,1.58753728
181.46,1.58708096
181.52,1.5868528
181.58,1.58719504
181.64,1.58719504
181.71,1.58719504
181.78,1.58696688
181.84,1.58719504
181.9,1.58776544
181.96,1.5868528
182.01,1.58730912
182.07,1.58525568
182.14,1.58708096
182.21,1.58639648
182.28,1.58673872
182.34,1.58662464
182.4,1.58651056
182.46,1.58605424
182.53,1.58639648
182.6,1.58639648
182.66,1.58594016
182.73,1.5862824
182.79,1.58639648
182.86,1.58616832
182.92,1.58662464
182.99,1.58605424
183.06,1.58582608
183.13,1.58582608
183.19,1.58616832
183.27,1.58582608
183.33,1.58594016
183.39,1.58605424
183.46,1.58639648
183.53,1.58582608
183.6,1.58639648
183.67,1.58594016
183.74,1.58605424
183.81,1.58582608
183.88,1.58559792
183.94,1.58616832
184.01,1.58605424
184.08,1.585712
184.15,1.58491344
184.23,1.58525568
184.3,1.58502752
184.37,1.58445712
184.44,1.58491344
184.51,1.58491344
184.59,1.58388672
184.66,1.5845712
184.72,1.5845712
184.78,1.5851416
184.86,1.58525568
184.93,1.5845712
185,1.58502752
185.08,1.58445712
185.15,1.58525568
185.23,1.58468528
185.29,1.58479936
185.36,1.58434304
185.44,1.58411488
185.52,1.58388672
185.59,1.58468528
185.67,1.58445712
185.73,1.5834304
185.79,1.58502752
185.86,1.58377264
185.94,1.58434304
186.03,1.58434304
186.1,1.5840008
186.17,1.58468528
186.24,1.5845712
186.3,1.58286
186.38,1.58422896
186.45,1.58251776
186.52,1.58297408
186.59,1.5834304
186.66,1.58274592
186.74,1.58502752
186.82,1.5834304
186.89,1.59004704
186.96,1.58993296
187.03,1.58981888
187.11,1.58981888
187.18,1.5897048
187.25,1.58959072
187.32,1.58959072
187.4,1.58947664
187.47,1.58947664
187.54,1.58947664
187.61,1.58936256
187.68,1.58947664
187.74,1.5891344
187.81,1.58902032
187.88,1.58902032
187.95,1.58890624
188.02,1.58890624
188.34,1.59814672
188.42,1.59780448
188.49,1.5976904
188.55,1.59757632
188.61,1.59757632
188.68,1.59757632
188.75,1.59746224
188.82,1.59734816
188.9,1.59723408
188.97,1.59723408
189.05,1.59712
189.1,1.59712
189.17,1.59700592
189.25,1.59700592
189.32,1.59689184
189.41,1.59677776
189.48,1.59666368
189.55,1.59666368
189.61,1.59666368
189.68,1.59632144
189.75,1.59632144
189.84,1.59609328
189.92,1.59620736
189.99,1.59609328
190.05,1.5959792
190.12,1.59586512
190.19,1.59586512
190.27,1.59586512
190.34,1.59586512
190.41,1.59575104
190.49,1.59563696
190.56,1.59563696
190.64,1.59563696
190.71,1.59552288
190.79,1.59552288
190.86,1.5954088
190.93,1.5954088
191.01,1.59529472
191.08,1.59518064
191.16,1.59518064
191.23,1.59506656
191.31,1.59495248
191.38,1.59495248
191.46,1.5948384
191.53,1.5948384
191.6,1.59472432
191.67,1.59461024
191.75,1.59461024
191.82,1.59449616
191.9,1.59438208
191.97,1.594268
192.04,1.594268
192.13,1.594268
192.2,1.59415392
192.27,1.59403984
192.35,1.59392576
192.41,1.59392576
192.48,1.59392576
192.55,1.59381168
192.63,1.5936976
192.71,1.5936976
192.78,1.59358352
192.85,1.59346944
192.91,1.59335536
192.98,1.59335536
193.05,1.59335536
193.13,1.59324128
193.2,1.59324128
193.27,1.5931272
193.33,1.5931272
193.39,1.59289904
193.46,1.59289904
193.53,1.59289904
193.6,1.59267088
193.67,1.5925568
193.73,1.59244272
193.79,1.59232864
193.85,1.59232864
193.91,1.59221456
193.97,1.59221456
194.03,1.59221456
194.1,1.59210048
194.34,1.5919864
194.4,1.59187232
194.45,1.59175824
194.51,1.59164416
194.57,1.59175824
194.63,1.59164416
194.69,1.59153008
194.74,1.59153008
194.8,1.59153008
194.85,1.59153008
194.91,1.591416
194.96,1.59130192
195.02,1.59107376
195.08,1.59107376
195.13,1.59107376
195.18,1.59095968
195.24,1.59095968
195.29,1.5908456
195.34,1.5908456
195.52,1.59061744
195.58,1.59061744
195.64,1.59050336
195.69,1.59061744
195.75,1.59050336
195.8,1.59038928
195.86,1.59038928
195.91,1.59038928
195.97,1.5902752
196.02,1.5902752
196.08,1.5902752
196.13,1.59016112
196.18,1.59016112
196.24,1.59016112
196.29,1.59016112
196.35,1.59004704
196.4,1.59004704
196.46,1.59004704
196.52,1.59004704
196.58,1.59004704
196.64,1.59004704
196.69,1.59004704
196.74,1.58993296
196.8,1.58993296
196.85,1.58981888
196.91,1.58981888
196.97,1.5897048
197.04,1.58981888
197.1,1.5897048
197.15,1.5897048
197.2,1.58959072
197.25,1.5897048
197.32,1.58959072
197.38,1.58959072
197.45,1.58959072
197.5,1.58947664
197.56,1.58936256
197.61,1.58936256
197.67,1.58936256
197.72,1.58924848
197.78,1.5891344
197.84,1.5891344
197.89,1.5891344
197.96,1.58902032
198.02,1.58902032
198.08,1.58890624
198.14,1.58890624
198.2,1.58890624
198.26,1.58879216
198.32,1.58879216
198.38,1.58867808
198.43,1.588564
198.5,1.588564
198.56,1.58844992
198.61,1.58844992
198.67,1.58844992
198.73,1.58833584
198.79,1.58822176
198.84,1.58822176
198.9,1.58810768
198.96,1.5879936
199.02,1.58787952
199.08,1.58833584
199.13,1.58776544
199.19,1.58765136
199.25,1.58753728
199.3,1.58753728
199.36,1.5874232
199.41,1.58730912
199.47,1.58719504
199.53,1.58708096
199.58,1.58708096
199.64,1.58696688
199.68,1.58708096
199.75,1.58696688
199.8,1.5868528
199.86,1.5868528
199.91,1.5868528
200,1.5868528
200.3,1.58673872
200.37,1.58673872
200.42,1.58673872
200.47,1.58662464
200.52,1.58662464
200.56,1.58651056
200.6,1.58651056
200.66,1.58651056
200.71,1.58639648
200.77,1.58639648
200.83,1.5862824
200.89,1.5862824
200.94,1.58616832
200.99,1.58605424
201.03,1.58605424
201.08,1.58594016
201.13,1.585712
201.18,1.58582608
201.24,1.58582608
201.3,1.58582608
201.35,1.58582608
201.4,1.58582608
201.45,1.58559792
201.48,1.58559792
201.54,1.58559792
201.59,1.58536976
201.64,1.58536976
201.69,1.58536976
201.74,1.58525568
201.79,1.5851416
201.84,1.5851416
201.89,1.58502752
202.01,1.58491344
202.11,1.58479936
202.16,1.58468528
202.2,1.5845712
202.25,1.58445712
202.3,1.58434304
202.34,1.58434304
202.39,1.58434304
202.42,1.58434304
202.47,1.58445712
202.51,1.58445712
202.55,1.5845712
202.75,1.58434304
202.79,1.58422896
202.83,1.58411488
202.87,1.58411488
202.91,1.5840008
202.95,1.58388672
203,1.58365856
203.04,1.58354448
203.08,1.58320224
203.12,1.58320224
203.16,1.58320224
203.21,1.58331632
203.25,1.58331632
203.29,1.58320224
203.33,1.58308816
203.37,1.58308816
203.42,1.58320224
203.46,1.58320224
203.5,1.58308816
203.54,1.58308816
203.58,1.58308816
203.62,1.58308816
203.66,1.58331632
203.69,1.5834304
203.74,1.58331632
203.78,1.5834304
203.82,1.58331632
203.86,1.58331632
203.9,1.58331632
203.94,1.58320224
203.97,1.58308816
204.01,1.58308816
204.05,1.58308816
204.09,1.58297408
204.14,1.58297408
204.18,1.58297408
204.22,1.58297408
204.26,1.58286
204.29,1.58286
204.33,1.58274592
204.36,1.58263184
204.39,1.58263184
204.43,1.58251776
204.58,1.5834304
204.62,1.5834304
204.66,1.5834304
204.7,1.58331632
204.73,1.58331632
204.76,1.58331632
204.79,1.58320224
204.83,1.58320224
204.86,1.58320224
204.9,1.58320224
204.94,1.58297408
204.98,1.58297408
205.02,1.58297408
205.07,1.58297408
205.11,1.58286
205.14,1.58286
205.18,1.58274592
205.21,1.58263184
205.24,1.5822896
205.29,1.58263184
205.33,1.58263184
205.36,1.58263184
205.4,1.58251776
205.44,1.58263184
205.48,1.58251776
205.52,1.58240368
205.56,1.5822896
205.6,1.5822896
205.64,1.58217552
205.68,1.58217552
205.72,1.58217552
205.76,1.5822896
205.8,1.58217552
205.85,1.58217552
205.89,1.58206144
205.93,1.58217552
205.97,1.58194736
206.01,1.58194736
206.05,1.58194736
206.1,1.58194736
206.14,1.58183328
206.18,1.58183328
206.22,1.58183328
206.27,1.5817192
206.31,1.5817192
206.35,1.5817192
206.39,1.58160512
206.44,1.58160512
206.48,1.58160512
206.53,1.58149104
206.57,1.58149104
206.61,1.58137696
206.65,1.58137696
206.7,1.58126288
206.75,1.58126288
206.79,1.58126288
206.84,1.58126288
206.88,1.58126288
206.92,1.5811488
206.97,1.58103472
207.01,1.58103472
207.06,1.58103472
207.11,1.58092064
207.15,1.58092064
207.2,1.58092064
207.24,1.58080656
207.29,1.58069248
207.33,1.58080656
207.38,1.58069248
207.43,1.5805784
207.48,1.5805784
207.52,1.58046432
207.56,1.58046432
207.62,1.58046432
207.67,1.58035024
207.71,1.58035024
207.75,1.58023616
207.8,1.58012208
207.84,1.58012208
207.89,1.580008
207.94,1.580008
208,1.57989392
208.05,1.57989392
208.11,1.57977984
208.16,1.57977984
208.2,1.57977984
208.24,1.57977984
208.29,1.57966576
208.34,1.57955168
208.39,1.57955168
208.45,1.57955168
208.5,1.5794376
208.55,1.57932352
208.6,1.57932352
208.65,1.57920944
208.69,1.57920944
208.74,1.57920944
208.8,1.57909536
208.86,1.57909536
208.91,1.57898128
208.97,1.57898128
209.02,1.5788672
209.07,1.5788672
209.11,1.57875312
209.17,1.57875312
209.22,1.57863904
209.27,1.57863904
209.32,1.57863904
209.38,1.57863904
209.44,1.57852496
209.49,1.57852496
209.54,1.5782968
209.59,1.5782968
209.65,1.57818272
209.71,1.57806864
209.77,1.57795456
209.82,1.57795456
209.87,1.57795456
209.93,1.57784048
209.99,1.5777264
210.04,1.57761232
210.1,1.57761232
210.16,1.57761232
210.21,1.57761232
210.27,1.57749824
210.33,1.57738416
210.38,1.57738416
210.44,1.57738416
210.5,1.57727008
210.56,1.577156
210.62,1.577156
210.68,1.57704192
210.73,1.57704192
210.79,1.57692784
210.86,1.57681376
210.91,1.57681376
210.97,1.57681376
211.03,1.57669968
211.09,1.57669968
211.15,1.57669968
211.21,1.5765856
211.27,1.57647152
211.32,1.57635744
211.38,1.57624336
211.45,1.57624336
211.52,1.57612928
211.58,1.57612928
211.64,1.57612928
211.69,1.5760152
211.75,1.57578704
211.82,1.57578704
211.89,1.57567296
211.95,1.57555888
212.01,1.57555888
212.07,1.5754448
212.13,1.5754448
212.19,1.57533072
212.25,1.57521664
212.32,1.57521664
212.38,1.57521664
212.45,1.57510256
212.51,1.57498848
212.57,1.57498848
212.63,1.5748744
212.7,1.57476032
212.78,1.57476032
212.84,1.57464624
212.9,1.57453216
212.96,1.57441808
213.02,1.574304
213.09,1.574304
213.15,1.57418992
213.22,1.57407584
213.28,1.57396176
213.35,1.57396176
213.42,1.57396176
213.48,1.57384768
213.55,1.5737336
213.62,1.5737336
213.68,1.57361952
213.75,1.57361952
213.82,1.57361952
213.88,1.57339136
213.95,1.57339136
214.02,1.57327728
214.09,1.57327728
214.15,1.5731632
214.22,1.57304912
214.28,1.57293504
214.36,1.57282096
214.43,1.57282096
214.5,1.57282096
214.56,1.57270688
214.63,1.5725928
214.69,1.57247872
214.76,1.57247872
214.83,1.57236464
214.9,1.57236464
214.97,1.57225056
215.04,1.57213648
215.09,1.5720224
215.16,1.5720224
215.24,1.57190832
215.3,1.57179424
215.37,1.57179424
215.43,1.57168016
215.5,1.57156608
215.56,1.57156608
215.63,1.571452
215.7,1.57133792
215.78,1.57122384
215.84,1.57122384
215.9,1.57110976
215.96,1.57099568
216.03,1.5708816
216.42,1.57042528
216.49,1.57019712
216.57,1.57008304
216.64,1.57008304
216.7,1.57008304
216.75,1.56996896
216.82,1.56996896
216.89,1.5697408
216.96,1.5697408
217.03,1.56962672
217.1,1.56951264
217.16,1.56939856
217.23,1.56939856
217.3,1.56928448
217.37,1.56928448
217.44,1.56928448
217.51,1.56905632
217.58,1.56894224
217.64,1.56894224
217.71,1.56871408
217.78,1.5686
217.85,1.56848592
217.92,1.56848592
217.99,1.56837184
218.06,1.56837184
218.12,1.56825776
218.19,1.56814368
218.26,1.5680296
218.33,1.56791552
218.4,1.5680296
218.47,1.56791552
218.53,1.56780144
218.61,1.56768736
218.68,1.56768736
218.74,1.56757328
218.81,1.56757328
218.89,1.56734512
218.95,1.56734512
219,1.56723104
219.08,1.56734512
219.15,1.56700288
219.23,1.56700288
219.3,1.5668888
219.35,1.5668888
219.72,1.56654656
219.77,1.56654656
219.85,1.56643248
219.93,1.5663184
220,1.56620432
220.07,1.56609024
220.13,1.56609024
220.19,1.56597616
220.26,1.56586208
220.35,1.565748
220.42,1.56563392
220.49,1.56563392
220.56,1.56551984
220.62,1.56551984
220.68,1.56540576
220.76,1.56529168
220.83,1.56529168
220.9,1.5651776
220.97,1.56506352
221.05,1.56494944
221.12,1.56494944
221.19,1.56483536
221.26,1.56483536
221.33,1.56472128
221.41,1.5646072
221.48,1.56449312
221.55,1.56449312
221.63,1.56437904
221.7,1.56437904
221.77,1.56426496
221.84,1.5640368
221.91,1.5640368
221.98,1.56392272
222.06,1.56380864
222.13,1.56380864
222.21,1.56369456
222.28,1.56358048
222.35,1.56335232
222.42,1.56335232
222.5,1.56323824
222.57,1.56312416
222.64,1.56312416
222.71,1.56301008
222.79,1.562896
222.85,1.56278192
222.93,1.56278192
223.01,1.56266784
223.08,1.56255376
223.15,1.56243968
223.22,1.5623256
223.29,1.5623256
223.37,1.56221152
223.45,1.56209744
223.67,1.56209744
223.76,1.5617552
223.92,1.56152704
223.99,1.56141296
224.06,1.56129888
224.13,1.56129888
224.22,1.5611848
224.3,1.56107072
224.37,1.56095664
224.44,1.56084256
224.51,1.56072848
224.59,1.56072848
224.66,1.5606144
224.75,1.5606144
224.82,1.56050032
224.9,1.56038624
224.98,1.56027216
225.06,1.56015808
225.13,1.560044
225.22,1.560044
225.29,1.55992992
225.37,1.55981584
225.45,1.55970176
225.53,1.55958768
225.61,1.5594736
225.69,1.5594736
225.77,1.55935952
225.86,1.55924544
225.94,1.55913136
226.02,1.55901728
226.1,1.5589032
226.18,1.5589032
226.26,1.55878912
226.35,1.55867504
226.43,1.55856096
226.51,1.55844688
226.6,1.5583328
226.67,1.5583328
226.75,1.55810464
226.83,1.55799056
226.94,1.55787648
227.02,1.55787648
227.09,1.55764832
227.17,1.55764832
227.27,1.55753424
227.36,1.55753424
227.45,1.55753424
227.52,1.55742016
227.61,1.55730608
227.7,1.557192
227.79,1.55707792
227.87,1.55684976
227.95,1.55673568
228.05,1.5566216
228.15,1.5566216
228.23,1.55650752
228.31,1.55627936
228.4,1.55627936
228.49,1.55627936
228.58,1.55593712
228.67,1.55582304
228.76,1.55582304
228.85,1.55559488
228.94,1.5554808
229.03,1.5554808
229.13,1.55536672
229.22,1.55536672
229.31,1.55525264
229.4,1.55502448
229.49,1.55502448
229.59,1.55479632
229.68,1.55479632
229.78,1.55456816
229.87,1.55445408
229.96,1.55434
230.06,1.55411184
230.15,1.55399776
230.25,1.55388368
230.34,1.5537696
230.44,1.55365552
230.53,1.55365552
230.62,1.55365552
230.72,1.55354144
230.82,1.55342736
230.92,1.55342736
231.01,1.5531992
231.11,1.55308512
231.22,1.55297104
231.31,1.55274288
231.4,1.5526288
231.5,1.5526288
231.61,1.55228656
231.7,1.5520584
231.79,1.55194432
231.9,1.55194432
232.01,1.55171616
232.1,1.55171616
232.2,1.55171616
232.3,1.55160208
232.4,1.551488
232.5,1.55137392
232.6,1.55125984
232.7,1.55114576
232.8,1.55103168
232.91,1.5509176
233.01,1.55080352
233.11,1.55057536
233.22,1.5503472
233.32,1.55011904
233.42,1.55000496
233.52,1.55011904
233.63,1.55000496
233.74,1.5497768
233.85,1.54966272
233.95,1.54943456
234.05,1.54932048
234.16,1.5492064
234.26,1.54909232
234.36,1.54897824
234.47,1.54886416
234.56,1.54875008
234.68,1.54852192
234.79,1.54840784
234.89,1.54829376
234.99,1.5480656
235.11,1.54795152
235.21,1.54783744
235.31,1.54772336
235.43,1.54760928
235.54,1.5474952
235.87,1.54726704
235.97,1.54681072
236.08,1.5469248
236.18,1.54658256
236.29,1.54646848
236.4,1.5463544
236.51,1.54624032
236.62,1.54612624
236.73,1.54601216
236.84,1.54589808
236.95,1.54566992
237.07,1.54555584
237.17,1.54544176
237.29,1.54532768
237.4,1.54509952
237.51,1.5452136
237.63,1.54475728
237.73,1.54475728
237.85,1.54452912
237.96,1.54441504
238.08,1.54430096
238.18,1.5440728
238.3,1.54395872
238.41,1.54373056
238.52,1.54361648
238.64,1.5435024
238.76,1.54338832
238.86,1.54327424
238.99,1.54304608
239.1,1.542932
239.2,1.54281792
239.32,1.54258976
239.45,1.54247568
239.56,1.5423616
239.68,1.54224752
239.8,1.54201936
239.9,1.54190528
240.02,1.5417912
240.14,1.54167712
240.25,1.54144896
240.37,1.5412208
240.48,1.54110672
240.6,1.54087856
240.72,1.54076448
240.84,1.5406504
240.95,1.54053632
241.07,1.54042224
241.19,1.54030816
241.3,1.54008
241.42,1.53996592
241.53,1.53973776
241.65,1.53962368
241.76,1.5395096
241.88,1.53928144
242.01,1.53916736
242.13,1.53905328
242.24,1.5389392
242.34,1.53871104
242.46,1.53859696
242.58,1.5383688
242.69,1.53825472
242.81,1.53802656
242.94,1.53802656
243.04,1.53791248
243.16,1.5377984
243.28,1.53768432
243.51,1.537228
243.64,1.53699984
243.74,1.53699984
243.86,1.53699984
243.97,1.5366576
244.09,1.53654352
244.2,1.53631536
244.33,1.53620128
244.44,1.5360872
244.55,1.53597312
244.68,1.53585904
244.79,1.53563088
244.91,1.53540272
245.02,1.53528864
245.14,1.53517456
245.26,1.53506048
245.37,1.53483232
245.49,1.53460416
245.61,1.53449008
245.72,1.53449008
245.84,1.53414784
245.96,1.53403376
246.07,1.53391968
246.18,1.5338056
246.29,1.53357744
246.42,1.53346336
246.53,1.53334928
246.63,1.5332352
246.76,1.53300704
246.87,1.53300704
246.98,1.53277888
247.1,1.5326648
247.21,1.53243664
247.31,1.53232256
247.43,1.53232256
247.54,1.53220848
247.64,1.53198032
247.75,1.53198032
247.86,1.53175216
247.97,1.53163808
248.08,1.531524
248.19,1.53140992
248.3,1.531524
248.42,1.53129584
248.54,1.5309536
248.65,1.5309536
248.77,1.53072544
248.88,1.5303832
249,1.53026912
249.1,1.53004096
249.21,1.52992688
249.34,1.52992688
249.44,1.52958464
249.56,1.52947056
249.67,1.52935648
249.78,1.5292424
249.89,1.52912832
250,1.52901424
250.12,1.52878608
250.23,1.528672
250.36,1.52855792
250.47,1.52821568
250.57,1.52821568
250.71,1.5281016
250.82,1.52798752
250.93,1.52775936
251.05,1.52764528
251.16,1.52741712
251.27,1.52730304
251.4,1.52718896
251.51,1.52707488
251.62,1.52684672
251.74,1.52673264
251.86,1.52661856
251.98,1.5263904
252.1,1.52627632
252.22,1.52616224
252.34,1.52593408
252.45,1.52582
252.57,1.52570592
252.69,1.52547776
252.81,1.5252496
252.94,1.52513552
253.05,1.52502144
253.18,1.52479328
253.29,1.5246792
253.42,1.52445104
253.54,1.52433696
253.65,1.5241088
253.76,1.52399472
253.88,1.52388064
254.01,1.52365248
254.12,1.5235384
254.25,1.52342432
254.37,1.52331024
254.48,1.52308208
254.61,1.522968
254.73,1.52273984
254.84,1.52251168
254.97,1.5223976
255.09,1.52228352
255.21,1.52205536
255.34,1.52194128
255.44,1.5218272
255.57,1.52171312
255.68,1.52159904
255.81,1.52137088
255.92,1.5212568
256.04,1.52114272
256.16,1.52091456
256.28,1.52080048
256.4,1.52057232
256.52,1.52045824
256.64,1.52023008
256.76,1.520116
256.88,1.52000192
256.99,1.51977376
257.11,1.51965968
257.45,1.51920336
257.57,1.51908928
257.68,1.51908928
257.79,1.51874704
257.92,1.51863296
258.03,1.5184048
258.16,1.51829072
258.27,1.51806256
258.38,1.51806256
258.52,1.51772032
258.64,1.51772032
258.75,1.51760624
258.88,1.51737808
258.99,1.51714992
259.11,1.51703584
259.24,1.51703584
259.35,1.51657952
259.47,1.51646544
259.59,1.51646544
259.71,1.51623728
259.83,1.5161232
259.95,1.51589504
260.08,1.51578096
260.2,1.5155528
260.32,1.51532464
260.43,1.51521056
260.55,1.5149824
260.67,1.51486832
260.8,1.51475424
260.92,1.51464016
261.03,1.514412
261.15,1.51429792
261.28,1.51418384
261.4,1.51395568
261.52,1.5138416
261.63,1.51372752
261.75,1.51361344
261.87,1.51338528
261.98,1.51315712
262.11,1.51304304
262.54,1.51247264
262.65,1.51224448
262.78,1.5121304
262.89,1.51201632
263.02,1.51201632
263.14,1.51167408
263.25,1.51144592
263.38,1.51133184
263.5,1.51110368
263.63,1.5109896
263.75,1.51087552
263.88,1.51076144
264,1.51053328
264.13,1.5104192
264.25,1.51030512
264.37,1.51007696
264.5,1.50996288
264.63,1.5098488
264.75,1.50950656
264.89,1.50939248
265.01,1.5092784
265.14,1.50905024
265.27,1.50893616
265.39,1.508708
265.52,1.508708
265.64,1.50847984
265.78,1.50825168
265.9,1.50825168
266.05,1.50790944
266.16,1.50790944
266.3,1.50768128
266.43,1.5075672
266.55,1.50733904
266.69,1.50722496
266.82,1.5069968
266.95,1.50688272
267.08,1.50665456
267.21,1.50654048
267.34,1.5064264
267.47,1.50608416
267.6,1.50597008
267.73,1.50574192
267.87,1.50574192
268,1.50539968
268.15,1.5052856
268.28,1.50517152
268.41,1.50494336
268.55,1.5047152
268.68,1.50460112
268.82,1.50437296
268.95,1.50425888
269.09,1.50403072
269.22,1.50391664
269.36,1.50368848
269.5,1.5035744
269.62,1.50334624
269.77,1.50323216
269.9,1.503004
270.04,1.50277584
270.17,1.50277584
270.32,1.5024336
270.44,1.5024336
270.58,1.50209136
270.72,1.5018632
270.85,1.50163504
270.99,1.50152096
271.12,1.5012928
271.26,1.5012928
271.39,1.50095056
271.52,1.50083648
271.66,1.50060832
271.8,1.50049424
271.93,1.50026608
272.07,1.500152
272.2,1.49992384
272.33,1.49969568
272.47,1.4995816
272.6,1.49946752
272.74,1.49923936
272.87,1.4990112
273,1.49889712
273.13,1.49866896
273.26,1.4984408
273.39,1.49832672
273.52,1.49798448
273.65,1.4978704
273.78,1.4978704
273.91,1.49775632
274.04,1.49741408
274.16,1.4973
274.3,1.49718592
274.41,1.49695776
274.54,1.4967296
274.66,1.49661552
274.8,1.49638736
275.07,1.49285088
275.22,1.49593104
275.35,1.49570288
275.47,1.4955888
275.6,1.49536064
275.73,1.49513248
275.86,1.4950184
275.98,1.49479024
276.12,1.49467616
276.25,1.49456208
276.37,1.49433392
276.5,1.49421984
276.63,1.49410576
276.77,1.4938776
276.9,1.49376352
277.02,1.49364944
277.15,1.49342128
277.28,1.49319312
277.42,1.49307904
277.54,1.49285088
277.69,1.4927368
277.81,1.49250864
277.95,1.49239456
278.08,1.4921664
278.22,1.49205232
278.34,1.49193824
278.49,1.49171008
278.62,1.491596
278.76,1.49148192
278.88,1.49125376
279.02,1.49113968
279.15,1.49091152
279.29,1.49079744
279.43,1.49056928
279.56,1.49034112
279.7,1.49022704
279.84,1.48999888
279.98,1.4898848
280.12,1.48954256
280.25,1.48942848
280.39,1.48920032
280.53,1.48897216
280.66,1.48885808
280.8,1.488744
280.94,1.48851584
281.08,1.48840176
281.21,1.48828768
281.36,1.48805952
281.49,1.48794544
281.64,1.48771728
281.77,1.48737504
281.91,1.48726096
282.04,1.48714688
282.19,1.48691872
282.32,1.48680464
282.47,1.48657648
282.6,1.48634832
282.74,1.4864624
282.87,1.48600608
283,1.485892
283.14,1.48566384
283.28,1.48554976
283.42,1.4853216
283.55,1.48520752
283.69,1.48497936
283.82,1.48486528
283.95,1.4847512
284.08,1.48452304
284.22,1.48440896
284.35,1.4841808
284.48,1.4841808
284.61,1.48383856
284.74,1.4836104
284.87,1.48338224
285,1.48326816
285.12,1.48315408
285.24,1.48304
285.38,1.48281184
285.49,1.48269776
285.63,1.48269776
285.73,1.48235552
285.86,1.48224144
285.97,1.48212736
286.1,1.4818992
286.2,1.48167104
286.33,1.48167104
286.43,1.48144288
286.55,1.4813288
286.66,1.48121472
286.92,1.48144288
287.03,1.4807584
287.14,1.48064432
287.24,1.48041616
287.35,1.48041616
287.46,1.48041616
287.57,1.47995984
287.67,1.47984576
287.78,1.47984576
287.89,1.4796176
288,1.47950352
288.1,1.47938944
288.2,1.47916128
288.3,1.47916128
288.41,1.47893312
288.51,1.47881904
288.61,1.47870496
288.71,1.47859088
288.81,1.4784768
288.91,1.47824864
289,1.47813456
289.1,1.47802048
289.19,1.47779232
289.28,1.47767824
289.38,1.47745008
289.46,1.47745008
289.55,1.477336
289.65,1.47722192
289.72,1.47710784
289.81,1.47699376
289.9,1.47687968
289.97,1.4767656
290.06,1.47665152
290.13,1.47653744
290.2,1.47630928
290.28,1.4761952
290.36,1.4761952
290.42,1.47608112
290.48,1.47596704
290.55,1.47585296
290.62,1.47573888
290.68,1.4756248
290.73,1.4756248
290.77,1.47551072
290.83,1.47551072
290.88,1.47539664
290.92,1.47539664
291.12,1.47516848
291.17,1.4750544
291.22,1.4750544
291.27,1.47494032
291.31,1.47494032
291.35,1.47482624
291.4,1.47482624
291.45,1.47471216
291.5,1.47459808
291.54,1.47459808
291.59,1.47459808
291.64,1.47459808
291.69,1.474484
291.74,1.47436992
291.79,1.47436992
291.83,1.47425584
291.88,1.47425584
291.93,1.47414176
291.98,1.47402768
292.03,1.47402768
292.08,1.4739136
292.12,1.4739136
292.17,1.4739136
292.23,1.47379952
292.27,1.47368544
292.32,1.47357136
292.36,1.47357136
292.42,1.47357136
292.47,1.47345728
292.52,1.47345728
292.58,1.4733432
292.63,1.47322912
292.68,1.47322912
292.73,1.47322912
292.78,1.47322912
292.83,1.47311504
292.88,1.47300096
292.92,1.47300096
292.97,1.47288688
293.03,1.4727728
293.08,1.4727728
293.14,1.4727728
293.18,1.47254464
293.23,1.47254464
293.29,1.47243056
293.35,1.47243056
293.39,1.47231648
293.45,1.47231648
293.51,1.4722024
293.57,1.4722024
293.62,1.4722024
293.66,1.47197424
293.71,1.47197424
293.79,1.47197424
293.83,1.47186016
293.87,1.47186016
293.93,1.47174608
293.99,1.47151792
294.05,1.47151792
294.1,1.47151792
294.15,1.47140384
294.2,1.47128976
294.27,1.47128976
294.33,1.47128976
294.37,1.47117568
294.43,1.47128976
294.49,1.4710616
294.55,1.4710616
294.59,1.4710616
294.65,1.47094752
294.71,1.47083344
294.76,1.47094752
294.82,1.47083344
294.88,1.47083344
294.93,1.47071936
294.99,1.47071936
295.05,1.47060528
295.11,1.47071936
295.16,1.47071936
295.22,1.47071936
295.28,1.47060528
295.34,1.47071936
295.39,1.47083344
295.45,1.47083344
295.51,1.47083344
295.57,1.47094752
295.62,1.47117568
295.69,1.47117568
295.74,1.4710616
295.8,1.47094752
295.86,1.47094752
295.92,1.47094752
295.98,1.4710616
296.04,1.47071936
296.1,1.47083344
296.15,1.47071936
296.21,1.47083344
296.27,1.47071936
296.34,1.47071936
296.4,1.47071936
296.45,1.47071936
296.51,1.47060528
296.57,1.47060528
296.63,1.4704912
296.69,1.47037712
296.75,1.47026304
296.81,1.47026304
296.87,1.47026304
296.92,1.47003488
296.98,1.47003488
297.03,1.4699208
297.09,1.4699208
297.14,1.46980672
297.21,1.46980672
297.27,1.46969264
297.32,1.46969264
297.38,1.46946448
297.44,1.46957856
297.49,1.46957856
297.56,1.46946448
297.62,1.4693504
297.67,1.4693504
297.72,1.4693504
297.78,1.46923632
297.84,1.46900816
297.9,1.46900816
297.95,1.46889408
298.01,1.46889408
298.07,1.46878
298.13,1.46878
298.17,1.46866592
298.23,1.46855184
298.29,1.46866592
298.34,1.46855184
298.38,1.46832368
298.44,1.46832368
298.5,1.46832368
298.54,1.4682096
298.59,1.46786736
298.65,1.4676392
298.7,1.4676392
298.75,1.46752512
298.8,1.46752512
298.84,1.46741104
298.89,1.46729696
298.94,1.46718288
298.99,1.46729696
299.03,1.46718288
299.07,1.4670688
299.12,1.4670688
299.16,1.46695472
299.2,1.46695472
299.26,1.46672656
299.29,1.46672656
299.33,1.46661248
299.38,1.46638432
299.48,1.45600304
299.53,1.46159296
299.58,1.46353232
299.62,1.46376048
299.66,1.46330416
299.69,1.4636464
299.77,1.457372
299.83,1.46638432
299.85,1.45748608
299.9,1.4642168
299.94,1.4619352
299.98,1.46341824
300.01,1.4585128
300.04,1.46045216
300.08,1.46090848
300.13,1.46284784
300.16,1.46273376
300.21,1.46319008
300.26,1.45988176
300.29,1.45360736
300.32,1.46182112
300.38,1.45714384
300.41,1.4625056
300.45,1.46261968
300.5,1.46261968
300.54,1.4625056
300.58,1.4625056
300.6,1.46398864
300.66,1.46102256
300.69,1.46182112
300.73,1.46159296
300.77,1.460224
300.8,1.45988176
300.84,1.45999584
300.88,1.4596536
300.92,1.45942544
300.96,1.46113664
300.98,1.46102256
301.02,1.46182112
301.06,1.46182112
301.11,1.46113664
301.14,1.46113664
301.35,1.46387456
301.38,1.46376048
301.41,1.46341824
301.44,1.46341824
301.48,1.4636464
301.52,1.46353232
301.56,1.46341824
301.59,1.46341824
301.62,1.46330416
301.66,1.46330416
301.69,1.46330416
301.73,1.46319008
301.77,1.463076
301.81,1.463076
301.84,1.46319008
301.87,1.463076
301.9,1.463076
301.94,1.463076
301.98,1.463076
302.02,1.46296192
